<?xml version="1.0" encoding="UTF-8"?>
<project-private xmlns="http://www.netbeans.org/ns/project-private/1">
    <editor-bookmarks xmlns="http://www.netbeans.org/ns/editor-bookmarks/2" lastBookmarkId="0"/>
    <open-files xmlns="http://www.netbeans.org/ns/projectui-open-files/2">
        <group>
            <file>file:/home/dax/Escritorio/swing/projects/GuiProduct2/src/cat/proven/guiprod/view/HomePanel.java</file>
            <file>file:/home/dax/Escritorio/swing/projects/GuiProduct2/src/cat/proven/guiprod/view/ProductFormPanel.java</file>
            <file>file:/home/dax/Escritorio/swing/projects/GuiProduct2/src/cat/proven/guiprod/view/MainFrame.java</file>
            <file>file:/home/dax/Escritorio/swing/projects/GuiProduct2/src/guiproduct2/GuiProduct2.java</file>
        </group>
    </open-files>
</project-private>
